{"cameraMode":{"drawMode":0,"name":"Shaded","section":"Shading Mode"},"sceneLighting":true,"audioPlay":false,"sceneViewState":{"m_AlwaysRefresh":false,"showFog":true,"showSkybox":true,"showFlares":true,"showImageEffects":true,"showParticleSystems":true,"showVisualEffectGraphs":true,"m_FxEnabled":true},"in2DMode":false,"pivot":{"x":-15.287034034729004,"y":75.9690933227539,"z":-55.19385528564453},"rotation":{"x":-0.003798944875597954,"y":-0.22720623016357423,"z":0.0008845970733091235,"w":-0.9738438725471497},"size":153.38356018066407,"orthographic":false}